Tags,Organization
16 Strong,EPB
16 Strong,Dobbins Properties
16 Strong,IGT Lab UTC
16 Strong,Open Space Institute
16 Strong,Catalyst Sports
16 Strong,Townsend Atelier
76 towns,Bradley County
76 towns,Catoosa County Chamber of Commerce
76 towns,City of Chattanooga
76 towns,"City of Cleveland, TN"
76 towns,City of Fort Payne
76 towns,City of Red Bank
76 towns,Cleveland Bradley Chamber of Commerce
76 towns,Dalton Chamber
76 towns,Dobbins Properties
76 towns,Georgia Power
76 towns,Hamilton County Government
76 towns,Jackson County
76 towns,Lodge Cast Iron
76 towns,Main Street Athens
76 towns,Marion County
76 towns,McMinn County
76 towns,Meigs County
76 towns,Nokian Tyres
76 towns,North Georgia EMC
76 towns,THRIVE Sequatchie
76 towns,"Chambliss, Bahner & Stophel, P.C."
76 towns,City of Dunlap
76 towns,City of East Ridge
76 towns,City of Eton
76 towns,City of Jasper
76 towns,City of Ringgold
76 towns,City of Scottsboro
76 towns,City of Signal Mountain
76 towns,City of Skyline
76 towns,City of Soddy-Daisy
76 towns,City of Valley Head
76 towns,Cleveland Chamber
76 towns,Copperhill
76 towns,EPB
76 towns,MainStreet Cleveland
76 towns,Rainsville Mayor 
76 towns,RHEA ECONOMIC & TOURISM COUNCIL
76 towns,Town of Hollywood
76 towns,UTC
76 towns,City of Lakeview
76 towns,Jackson County EDA
76 towns,Town of Fyffe
76 towns,Town of Geraldine
76 towns,Town of Ider
76 towns,Town of Pleasant Groves
76 towns,Town of Sylvania
76 towns,Town Of Woodville
Appalachian Digital Accelerator,Georgia Technology Authority
Freight Mobility Committee,City of Chattanooga - RPA
Freight Mobility Committee,HB1 Solutions
Freight Mobility Committee,Chattanooga RPA
Freight Mobility Committee,City of Dalton
Freight Mobility Committee,Cleveland Bradley Chamber of Commerce
Freight Mobility Committee,Covenant Logistics
Freight Mobility Committee,Georgia Ports Authority
Freight Mobility Committee,IGT Lab UTC
Freight Mobility Committee,Madex Associates
Freight Mobility Committee,Polk County
Freight Mobility Committee,TARCOG
Freight Mobility Committee,Tennessee Valley Railroad Museum
Freight Mobility Committee,TN Trucking Association
Freight Mobility Committee,TranCo Logistics
Freight Mobility Committee,"Whitfield County, GA"
Freight Mobility Committee,Appalachian Regional Commission
Freight Mobility Committee,Chambliss Law
Freight Mobility Committee,City of Chattanooga
Freight Mobility Committee,City of Chattanooga
Freight Mobility Committee,Covenant Logistics
Freight Mobility Committee,Covenant Transport
Freight Mobility Committee,Lutzie 43 Foundation
Freight Mobility Committee,Northwest Georgia Regional Commission
Freight Mobility Committee,Oak Ridge National Lab
Freight Mobility Committee,Southeast Tennessee Development
Freight Mobility Committee,Southeast Tennessee Development
Freight Mobility Committee,The Company Lab
Freight Mobility Committee,TN State Senate
Freight Mobility Committee,UTC
Freight Mobility Committee,Atlanta Regional Commission
Freight Mobility Committee,Dalton State
Freight Mobility Committee,F2F Transport
Freight Mobility Committee,Lee Smith
Freight Mobility Committee,McKee Foods
Freight Mobility Committee,McKee Foods
Freight Mobility Committee,McKee Foods
Freight Mobility Committee,Miller Industries
Freight Mobility Committee,AM PM Mobile Repair
Immersion Experiences,Skytec
Immersion Experiences,Carter Farm
Immersion Experiences,Chambliss
Immersion Experiences,Chattanooga Area Chamber of Commerce
Immersion Experiences,City of Chattanooga
Immersion Experiences,Community Foundation of Northwest Georgia
Immersion Experiences,Dobbins Properties
Immersion Experiences,IGT Lab UTC
Immersion Experiences,Lyndhurst Foundation
Immersion Experiences,Mountain Lakes Chamber of Commerce
Immersion Experiences,Open Space Institute
Immersion Experiences,Public Education Foundation
Immersion Experiences,Appalachian Regional Commission
Immersion Experiences,Center for Rural Strategies
Immersion Experiences,Lyndhurst Foundation
Immersion Experiences,NATIONAL PARK SERVICE
Immersion Experiences,UTC
Immersion Experiences,Covenant Logistics
Natural Treasures Alliance,LVRCD Limestone Valley RC&D Council
Natural Treasures Alliance,Skytec
Natural Treasures Alliance,HB1 Solutions
Natural Treasures Alliance,Appalachian Conservation Institute
Natural Treasures Alliance,ArtsBuild
Natural Treasures Alliance,Carter Farm
Natural Treasures Alliance,Chattanooga Area Food Bank
Natural Treasures Alliance,Chattanooga Food Center
Natural Treasures Alliance,City Of Chickamauga
Natural Treasures Alliance,City of Ringgold
Natural Treasures Alliance,City of Soddy-Daisy
Natural Treasures Alliance,Cumberland Naturalist
Natural Treasures Alliance,Dalton public schools
Natural Treasures Alliance,Deedee Morrison Sculpture - www.DeedeeMorrisonSculpture.com
Natural Treasures Alliance,Food as a Verb
Natural Treasures Alliance,Georgia State Representative for District 1
Natural Treasures Alliance,Georgia-Alabama Land Trust
Natural Treasures Alliance,H2O Life
Natural Treasures Alliance,Hamilton County Parks and Recreation
Natural Treasures Alliance,IGT Lab UTC
Natural Treasures Alliance,Jim Johnson
Natural Treasures Alliance,Lookout Mountain Conservancy.org
Natural Treasures Alliance,Lula Lake Land Trust
Natural Treasures Alliance,Lula Lake Land Trust
Natural Treasures Alliance,Lyndhurst Foundation
Natural Treasures Alliance,Open Space Institute
Natural Treasures Alliance,Outdoor Chattanooga
Natural Treasures Alliance,OUTSHINE ADVENTURES
Natural Treasures Alliance,Paint Rock Forest Research Center
Natural Treasures Alliance,Playcore
Natural Treasures Alliance,Polk County Chamber of Commerce
Natural Treasures Alliance,Reflection Riding Nature Center
Natural Treasures Alliance,Rhea ECD
Natural Treasures Alliance,Sequatchie Cove Farm
Natural Treasures Alliance,Sewanee
Natural Treasures Alliance,SORBA
Natural Treasures Alliance,Southeast Conservation Corps
Natural Treasures Alliance,Southeast Tennessee Development District
Natural Treasures Alliance,Southeast Tennessee Development District
Natural Treasures Alliance,Southeast TN Development District
Natural Treasures Alliance,Southeastern Cave Conservancy
Natural Treasures Alliance,Tennessee Aquarium Conservation Institute
Natural Treasures Alliance,Tennessee River Gorge Trust
Natural Treasures Alliance,The Land Trust for Tennessee
Natural Treasures Alliance,The Trust for Public Land
Natural Treasures Alliance,TN Wesleyan
Natural Treasures Alliance,Town of Monteagle
Natural Treasures Alliance,Walker County
Natural Treasures Alliance,Access Fund
Natural Treasures Alliance,Access Fund
Natural Treasures Alliance,American Farmland Trust
Natural Treasures Alliance,American Water
Natural Treasures Alliance,Appalachia Georgia Friends of the Bears
Natural Treasures Alliance,Appalachian Carbon Exchange
Natural Treasures Alliance,Appalachian Conservation Institute
Natural Treasures Alliance,Arts Build
Natural Treasures Alliance,Astec Industries
Natural Treasures Alliance,BOY SCOUTS OF AMERICA
Natural Treasures Alliance,CAP Citizen Committee Community Engagement 
Natural Treasures Alliance,Catalyst Sports
Natural Treasures Alliance,Catalyst Sports
Natural Treasures Alliance,Catoosa County Government
Natural Treasures Alliance,"Chambliss, Bahner & Stophel, P.C."
Natural Treasures Alliance,Chattanooga Area Food Bank
Natural Treasures Alliance,Chattanooga Neighborhood Enterprise
Natural Treasures Alliance,Chattanooga Office of Sustainability 
Natural Treasures Alliance,Chattanooga Office of Sustainability 
Natural Treasures Alliance,City of Chattanooga
Natural Treasures Alliance,City of Chattanooga Parks and Outdoors
Natural Treasures Alliance,City of Dalton
Natural Treasures Alliance,City of Ringgold
Natural Treasures Alliance,Cleveland Chamber
Natural Treasures Alliance,Climate Action Plan teams and Tennessee Interfaith Power and Light Chattanooga chapter and the South Chickamauga Creek Greenway alliance
Natural Treasures Alliance,Crabtree Farms of Chattanooga
Natural Treasures Alliance,Cumberland Trail
Natural Treasures Alliance,Dalton State College
Natural Treasures Alliance,Dalton-Whitfield Solid Waste Authority Materials Recovery Facility
Natural Treasures Alliance,Fire Department (Chief)
Natural Treasures Alliance,Food Forest Coalition of Chattanooga
Natural Treasures Alliance,Forest Service Cherokee National Forest
Natural Treasures Alliance,Friends of Cherokee National Forest
Natural Treasures Alliance,Georgia Conservancy
Natural Treasures Alliance,Georgia Department Of Natural Resources
Natural Treasures Alliance,Grassroots Outdoors Alliance
Natural Treasures Alliance,Green|Spaces
Natural Treasures Alliance,Green|Spaces
Natural Treasures Alliance,GreenSpaces
Natural Treasures Alliance,Hamilton County Office of Emergency Management & Homeland Security
Natural Treasures Alliance,Hamilton County Water Quality
Natural Treasures Alliance,HK Architects
Natural Treasures Alliance,Jacksonville State University
Natural Treasures Alliance,Keep Soddy-Daisy Beautiful
Natural Treasures Alliance,"Keep Soddy-Daisy Beautiful, Parks & Rec Board"
Natural Treasures Alliance,LaBella Associates
Natural Treasures Alliance,LaBella Associates
Natural Treasures Alliance,Land Trust for Tennessee
Natural Treasures Alliance,Land Trust for Tennessee
Natural Treasures Alliance,Land Trust for Tennessee
Natural Treasures Alliance,Landscape Conservation
Natural Treasures Alliance,Lula Lake Land Trust
Natural Treasures Alliance,Lula Lake Land Trust
Natural Treasures Alliance,Mayfield Dairy
Natural Treasures Alliance,MKSK Studios
Natural Treasures Alliance,National Park Partners
Natural Treasures Alliance,NATIONAL PARK SERVICE
Natural Treasures Alliance,National Park Service
Natural Treasures Alliance,New Terra Compost
Natural Treasures Alliance,Nokian Tyres
Natural Treasures Alliance,North Alabama Trails and Recreation
Natural Treasures Alliance,Northwest Georgia Regional Commission
Natural Treasures Alliance,Northwest Georgia Regional Commission
Natural Treasures Alliance,Outdoor Chattanooga
Natural Treasures Alliance,Public Works
Natural Treasures Alliance,Reflection Riding
Natural Treasures Alliance,RHEA ECONOMIC & TOURISM COUNCIL
Natural Treasures Alliance,SE Tenn Young Farmers Coalition
Natural Treasures Alliance,Sequatchie Cove Farm
Natural Treasures Alliance,SORBA
Natural Treasures Alliance,South Cumberland Community Fund
Natural Treasures Alliance,Southeast Conservation Corps
Natural Treasures Alliance,Southeast Tennessee Development
Natural Treasures Alliance,Southeast TN Young Farmers Coalition
Natural Treasures Alliance,Southeastern Cave Conservancy
Natural Treasures Alliance,Southeastern Cave Conservancy 
Natural Treasures Alliance,Southeastern Climbers Coalition
Natural Treasures Alliance,SOUTHEASTERN CLIMBERS COALITION
Natural Treasures Alliance,Southern Appalachian Wilderness Stewards
Natural Treasures Alliance,Tennessee Aquarium Conservation Institute
Natural Treasures Alliance,Tennessee Department of Environment and Conservation
Natural Treasures Alliance,Tennessee Urban and Community Forestry Program
Natural Treasures Alliance,The Benwood Foundation
Natural Treasures Alliance,The City of Soddy-Daisy (Mayor)
Natural Treasures Alliance,The Land Trust for Tennessee
Natural Treasures Alliance,The Nature Conservancy
Natural Treasures Alliance,TN Department of Health
Natural Treasures Alliance,TNWF
Natural Treasures Alliance,"Town of Tracy City, Grundy Safe Communities"
Natural Treasures Alliance,Tracy City Public Utility
Natural Treasures Alliance,U.S. Fish and Wildlife Service
Natural Treasures Alliance,University of TN Chattanooga
Natural Treasures Alliance,Velo View Bikes
Natural Treasures Alliance,Walker County Chamber of Commerce 
Natural Treasures Alliance,WaterWays
Natural Treasures Alliance,Whitfield County Board of Commissioners
Natural Treasures Alliance,109 Gallery
Natural Treasures Alliance,Access Fund
Natural Treasures Alliance,ASA Engineering
Natural Treasures Alliance,Bad Beard Events
Natural Treasures Alliance,Cassinia
Natural Treasures Alliance,Chattanooga State Technical Community College
Natural Treasures Alliance,Chattanooga-Hamilton County Regional Planning Agency
Natural Treasures Alliance,Circadian Consulting
Natural Treasures Alliance,City of Chattanooga
Natural Treasures Alliance,City of Chattanooga 
Natural Treasures Alliance,Conservation Fund
Natural Treasures Alliance,Crabtree Farms
Natural Treasures Alliance,DCA
Natural Treasures Alliance,Deconstruction Advisory Board
Natural Treasures Alliance,Dekalb County Tourism
Natural Treasures Alliance,Emerald Strategy Partners 
Natural Treasures Alliance,First Cumberland Presbyterian Church
Natural Treasures Alliance,Food Forest Coalition of Chattanooga
Natural Treasures Alliance,Food Forest Coalition of Chattanooga
Natural Treasures Alliance,Forest Families of Chattanooga
Natural Treasures Alliance,Forest Families of Chattanooga
Natural Treasures Alliance,Former Mayor
Natural Treasures Alliance,Friends of South Cumberland SP
Natural Treasures Alliance,Gem Farms
Natural Treasures Alliance,Georgia Conservancy
Natural Treasures Alliance,Georgia Department Of Natural Resources
Natural Treasures Alliance,Georgia Department Of Natural Resources
Natural Treasures Alliance,Hiawassee River Blueway
Natural Treasures Alliance,House of Wallis
Natural Treasures Alliance,Jacksonville State University
Natural Treasures Alliance,LVGA
Natural Treasures Alliance,LVGA
Natural Treasures Alliance,Lyndhurst Foundation
Natural Treasures Alliance,McKee Foods
Natural Treasures Alliance,Nokian Tyres
Natural Treasures Alliance,Northwest Georgia Regional Commissino
Natural Treasures Alliance,Oconee River Land Trust
Natural Treasures Alliance,Outdoor Chattanooga
Natural Treasures Alliance,Outdoor Chattanooga
Natural Treasures Alliance,Overlooked Materials
Natural Treasures Alliance,Paint Rock Forest Research Center
Natural Treasures Alliance,Patagonia
Natural Treasures Alliance,Rabbit Valley Farmers Market
Natural Treasures Alliance,Real Broker
Natural Treasures Alliance,Reflection Riding
Natural Treasures Alliance,Reflection Riding Arboretum & Nature Center
Natural Treasures Alliance,Resident of the Region 
Natural Treasures Alliance,Resident of the Region 
Natural Treasures Alliance,Resident of the Region 
Natural Treasures Alliance,"Sewanee, the University of the South"
Natural Treasures Alliance,SOUTHEAST CONSERVATION CORPS (SECC)
Natural Treasures Alliance,Southeastern Cave Conservancy
Natural Treasures Alliance,Southeastern Cave Conservancy
Natural Treasures Alliance,Southeastern Climbers Coalition 
Natural Treasures Alliance,Southeastern Climbers Coalition 
Natural Treasures Alliance,Southeastern Grasslands Institute
Natural Treasures Alliance,Southwings Aviation - Asheville NC
Natural Treasures Alliance,Stick Architecture
Natural Treasures Alliance,Tech Goes Home
Natural Treasures Alliance,Tennessee Aquarium Conservation Institute
Natural Treasures Alliance,Tennessee Aquarium Conservation Institute
Natural Treasures Alliance,Tennessee Aquarium Conservation Institute
Natural Treasures Alliance,Tennessee River Basin Network
Natural Treasures Alliance,Tennessee River Basin Network
Natural Treasures Alliance,Tennessee Wildlife Federation
Natural Treasures Alliance,TennGreen
Natural Treasures Alliance,TennGreen
Natural Treasures Alliance,TennGreen Land Conservancy
Natural Treasures Alliance,The OLIN Studio
Natural Treasures Alliance,Thrivent
Natural Treasures Alliance,Tierra Earth
Natural Treasures Alliance,Tinker Ma
Natural Treasures Alliance,Town of Monteagle
Natural Treasures Alliance,Tracy City Public Utility
Natural Treasures Alliance,TRGT
Natural Treasures Alliance,University of TN Chattanooga
Natural Treasures Alliance,"US Forest Service, Southern Region"
Natural Treasures Alliance,UT Extension Agent
Natural Treasures Alliance,Wild Ones
Natural Treasures Alliance,Wild Violet Permaculture
Natural Treasures Alliance,Wilderness Stewards
Natural Treasures Alliance,Wilderness Stewards
Natural Treasures Alliance,WMWA (landscape architecture)
Natural Treasures Alliance,Georgia Land Trust
Resilient Communities,Open Space Institute
Resilient Communities,Southeast TN Development District
TN Placemaking Partnership,Lodge Cast Iron
TN Placemaking Partnership,Main Street Athens
TN Placemaking Partnership,Athens Area Council for the Arts
TN Placemaking Partnership,Center for Rural Strategies
TN Placemaking Partnership,City of South Pittsburg
TN Placemaking Partnership,Cleveland Chamber
TN Placemaking Partnership,Lyndhurst Foundation
TN Placemaking Partnership,MainStreet Cleveland
TN Placemaking Partnership,Preserve Chattanooga
TN Placemaking Partnership,Decatur
Thriving Communities,Chattanooga Design Studio
Thriving Communities,Dalton Chamber
Thriving Communities,Athens Area Council for the Arts
Thriving Communities,"Bradley County, TN"
Thriving Communities,"City of LaFayette, Georgia"
Thriving Communities,Lyndhurst Foundation Inc
